codigo_ibge;segmento;ano;tipo_segmento;contratacoes;itens;itens_homologados;itens_desertos;itens_fracassados;valor_estimado;valor_homologado;desagio_medio;taxa_desercao;fornecedores_distintos;hhi;indice_oportunidade;calculado_em;municipio
3515509;nao_classificado;2025;indefinido;1;1;0;0;0;2436910.8;974764.3;0.8;0.0;2;0.5;22.5;2026-10-01T16:11:08+00:00;Fernandópolis
3524808;nao_classificado;2025;indefinido;1;8;0;0;0;3028951.2;0.0;;0.0;0;;22.22;2026-10-01T16:11:08+00:00;Jales
3524808;nao_classificado;2026;indefinido;6;6;0;0;0;2181218.97;0.0;;0.0;0;;22.22;2026-10-01T16:11:08+00:00;Jales
3515509;nao_classificado;2026;indefinido;7;9;0;0;0;1627934.7027999999;0.0;;0.0;0;;22.22;2026-10-01T16:11:08+00:00;Fernandópolis
3524808;combustivel;2026;produto;1;9;0;0;0;8625450.0;0.0;;0.0;0;;11.11;2026-10-01T16:11:08+00:00;Jales
3515509;racao_agropecuaria;2026;produto;6;23;0;0;0;6179818.1176;0.0;;0.0;0;;11.11;2026-10-01T16:11:08+00:00;Fernandópolis
3546603;nao_classificado;2026;indefinido;5;9;0;0;0;5806045.17;0.0;;0.0;0;;11.11;2026-10-01T16:11:08+00:00;Santa Fé do Sul
3524808;servico_saude_assistencial;2025;servico;1;1;0;0;0;2325180.0;0.0;;0.0;0;;11.11;2026-10-01T16:11:08+00:00;Jales
3547650;madeira_construcao;2026;produto;5;28;0;0;0;2187124.98;0.0;;0.0;0;;11.11;2026-10-01T16:11:08+00:00;Santa Salete
3554904;madeira_construcao;2026;produto;1;1;0;0;0;1884127.04;0.0;;0.0;0;;11.11;2026-10-01T16:11:08+00:00;Três Fronteiras
3540408;nao_classificado;2026;indefinido;1;10;0;0;0;1542987.6;0.0;;0.0;0;;11.11;2026-10-01T16:11:08+00:00;Populina
3547650;combustivel;2026;produto;2;6;0;0;0;1342085.22;0.0;;0.0;0;;11.11;2026-10-01T16:11:08+00:00;Santa Salete
3515509;madeira_construcao;2026;produto;3;13;0;0;0;960905.432;0.0;;0.0;0;;11.11;2026-10-01T16:11:08+00:00;Fernandópolis
3515509;material_odontologico;2026;produto;2;10;0;0;0;666648.26;0.0;;0.0;0;;11.11;2026-10-01T16:11:08+00:00;Fernandópolis
3515509;servico_obras_engenharia;2026;servico;1;1;0;0;0;642228.18;0.0;;0.0;0;;11.11;2026-10-01T16:11:08+00:00;Fernandópolis
3556958;nao_classificado;2026;indefinido;2;2;0;0;0;635760.0;0.0;;0.0;0;;11.11;2026-10-01T16:11:08+00:00;Vitória Brasil
3529609;nao_classificado;2026;indefinido;2;19;0;0;0;633518.55;0.0;;0.0;0;;11.11;2026-10-01T16:11:08+00:00;Meridiano
3534757;madeira_construcao;2026;produto;3;19;0;0;0;594538.24;0.0;;0.0;0;;11.11;2026-10-01T16:11:08+00:00;Ouroeste
3515509;textil_uniforme;2026;produto;2;12;0;0;0;577519.36;0.0;;0.0;0;;11.11;2026-10-01T16:11:08+00:00;Fernandópolis
3534757;servico_laboratorial;2026;servico;1;1;0;0;0;539869.05;0.0;;0.0;0;;11.11;2026-10-01T16:11:08+00:00;Ouroeste
3515509;medicamentos;2026;produto;2;6;0;0;0;533161.85;0.0;;0.0;0;;11.11;2026-10-01T16:11:08+00:00;Fernandópolis
3544509;nao_classificado;2026;indefinido;2;3;0;0;0;494830.18;0.0;;0.0;0;;11.11;2026-10-01T16:11:08+00:00;Rubinéia
3530003;medicamentos;2026;produto;2;20;0;0;0;440557.5;0.0;;0.0;0;;11.11;2026-10-01T16:11:08+00:00;Mira Estrela
3524808;servico_laboratorial;2026;servico;1;1;0;0;0;420000.0;0.0;;0.0;0;;11.11;2026-10-01T16:11:08+00:00;Jales
3555802;servico_saude_assistencial;2026;servico;1;2;0;0;0;415250.0;0.0;;0.0;0;;11.11;2026-10-01T16:11:08+00:00;Urânia
3534757;nao_classificado;2026;indefinido;2;2;0;0;0;360065.3;0.0;;0.0;0;;11.11;2026-10-01T16:11:08+00:00;Ouroeste
3555802;nao_classificado;2026;indefinido;3;12;0;0;0;330625.59;0.0;;0.0;0;;11.11;2026-10-01T16:11:08+00:00;Urânia
3532843;nao_classificado;2026;indefinido;3;26;0;0;0;325589.49;0.0;;0.0;0;;11.11;2026-10-01T16:11:08+00:00;Nova Canaã Paulista
3524808;racao_agropecuaria;2026;produto;2;4;0;0;0;313324.0;0.0;;0.0;0;;11.11;2026-10-01T16:11:08+00:00;Jales
3529609;textil_uniforme;2026;produto;1;1;0;0;0;280186.0;0.0;;0.0;0;;11.11;2026-10-01T16:11:08+00:00;Meridiano
3518008;nao_classificado;2026;indefinido;2;2;0;0;0;278000.0;0.0;;0.0;0;;11.11;2026-10-01T16:11:08+00:00;Guarani d'Oeste
3546603;generos_alimenticios;2026;produto;1;2;0;0;0;258777.3;0.0;;0.0;0;;11.11;2026-10-01T16:11:08+00:00;Santa Fé do Sul
3556958;madeira_construcao;2026;produto;1;10;0;0;0;252100.1;0.0;;0.0;0;;11.11;2026-10-01T16:11:08+00:00;Vitória Brasil
3547205;combustivel;2026;produto;1;1;0;0;0;229902.55;0.0;;0.0;0;;11.11;2026-10-01T16:11:08+00:00;Santana da Ponte Pensa
3545704;nao_classificado;2026;indefinido;2;16;0;0;0;225568.89;0.0;;0.0;0;;11.11;2026-10-01T16:11:08+00:00;Santa Albertina
3547650;servico_laboratorial;2026;servico;1;1;0;0;0;222037.4;0.0;;0.0;0;;11.11;2026-10-01T16:11:08+00:00;Santa Salete
3549201;racao_agropecuaria;2026;produto;3;30;0;0;0;217317.53999999998;0.0;;0.0;0;;11.11;2026-10-01T16:11:08+00:00;São João das Duas Pontes
3524808;madeira_construcao;2026;produto;2;2;0;0;0;197065.0;0.0;;0.0;0;;11.11;2026-10-01T16:11:08+00:00;Jales
3503950;madeira_construcao;2026;produto;3;16;0;0;0;189053.5969;0.0;;0.0;0;;11.11;2026-10-01T16:11:08+00:00;Aspásia
3555802;informatica;2026;produto;1;1;0;0;0;178941.0;0.0;;0.0;0;;11.11;2026-10-01T16:11:08+00:00;Urânia
3546603;racao_agropecuaria;2026;produto;4;23;0;0;0;168147.84;0.0;;0.0;0;;11.11;2026-10-01T16:11:08+00:00;Santa Fé do Sul
3545704;madeira_construcao;2026;produto;1;1;0;0;0;156200.0;0.0;;0.0;0;;11.11;2026-10-01T16:11:08+00:00;Santa Albertina
3547650;nao_classificado;2026;indefinido;2;3;0;0;0;133545.9;0.0;;0.0;0;;11.11;2026-10-01T16:11:08+00:00;Santa Salete
3549201;medicamentos;2026;produto;1;5;0;0;0;118801.0;0.0;;0.0;0;;11.11;2026-10-01T16:11:08+00:00;São João das Duas Pontes
3532843;limpeza_higiene;2026;produto;1;9;0;0;0;109087.51;0.0;;0.0;0;;11.11;2026-10-01T16:11:08+00:00;Nova Canaã Paulista
3529609;servico_saude_assistencial;2026;servico;1;1;0;0;0;106488.0;0.0;;0.0;0;;11.11;2026-10-01T16:11:08+00:00;Meridiano
3503950;servico_capacitacao_saude;2026;servico;1;10;0;0;0;92312.52;0.0;;0.0;0;;11.11;2026-10-01T16:11:08+00:00;Aspásia
3555802;limpeza_higiene;2026;produto;1;5;0;0;0;89565.34;0.0;;0.0;0;;11.11;2026-10-01T16:11:08+00:00;Urânia
3546603;medicamentos;2026;produto;2;11;0;0;0;84072.23;0.0;;0.0;0;;11.11;2026-10-01T16:11:08+00:00;Santa Fé do Sul
3524808;informatica;2026;produto;1;1;0;0;0;77300.0;0.0;;0.0;0;;11.11;2026-10-01T16:11:08+00:00;Jales
3515202;madeira_construcao;2026;produto;1;10;0;0;0;66738.75;0.0;;0.0;0;;11.11;2026-10-01T16:11:08+00:00;Estrela d'Oeste
3549201;generos_alimenticios;2026;produto;1;6;0;0;0;66575.68;0.0;;0.0;0;;11.11;2026-10-01T16:11:08+00:00;São João das Duas Pontes
3556958;generos_alimenticios;2026;produto;1;10;0;0;0;64978.4;0.0;;0.0;0;;11.11;2026-10-01T16:11:08+00:00;Vitória Brasil
3503950;racao_agropecuaria;2026;produto;1;10;0;0;0;61215.9005;0.0;;0.0;0;;11.11;2026-10-01T16:11:08+00:00;Aspásia
3515509;informatica;2026;produto;1;2;0;0;0;58950.0;0.0;;0.0;0;;11.11;2026-10-01T16:11:08+00:00;Fernandópolis
3515509;generos_alimenticios;2026;produto;1;7;0;0;0;55103.0;0.0;;0.0;0;;11.11;2026-10-01T16:11:08+00:00;Fernandópolis
3555802;servico_capacitacao_saude;2026;servico;1;1;0;0;0;54102.0;0.0;;0.0;0;;11.11;2026-10-01T16:11:08+00:00;Urânia
3515509;servico_manutencao;2026;servico;1;1;0;0;0;54097.0;0.0;;0.0;0;;11.11;2026-10-01T16:11:08+00:00;Fernandópolis
3540408;madeira_construcao;2026;produto;1;2;0;0;0;52953.6;0.0;;0.0;0;;11.11;2026-10-01T16:11:08+00:00;Populina
3503950;textil_uniforme;2026;produto;1;6;0;0;0;51767.681;0.0;;0.0;0;;11.11;2026-10-01T16:11:08+00:00;Aspásia
3549003;servico_transporte;2026;servico;1;2;0;0;0;50400.0;0.0;;0.0;0;;11.11;2026-10-01T16:11:08+00:00;São Francisco
3556958;servico_assessoria_geral;2026;servico;1;1;0;0;0;46200.0;0.0;;0.0;0;;11.11;2026-10-01T16:11:08+00:00;Vitória Brasil
3555802;madeira_construcao;2026;produto;2;14;0;0;0;46183.39;0.0;;0.0;0;;11.11;2026-10-01T16:11:08+00:00;Urânia
3503950;nao_classificado;2026;indefinido;2;2;0;0;0;43980.7996;0.0;;0.0;0;;11.11;2026-10-01T16:11:08+00:00;Aspásia
3532843;panificacao;2026;produto;1;1;0;0;0;36290.82;0.0;;0.0;0;;11.11;2026-10-01T16:11:08+00:00;Nova Canaã Paulista
3535200;madeira_construcao;2026;produto;1;7;0;0;0;35480.6;0.0;;0.0;0;;11.11;2026-10-01T16:11:08+00:00;Palmeira d'Oeste
3532868;nao_classificado;2026;indefinido;1;7;0;0;0;34955.573;0.0;;0.0;0;;11.11;2026-10-01T16:11:08+00:00;Nova Castilho
3549003;nao_classificado;2026;indefinido;1;1;0;0;0;32684.04;0.0;;0.0;0;;11.11;2026-10-01T16:11:08+00:00;São Francisco
3547205;generos_alimenticios;2026;produto;1;3;0;0;0;29635.800000000003;0.0;;0.0;0;;11.11;2026-10-01T16:11:08+00:00;Santana da Ponte Pensa
3546603;madeira_construcao;2026;produto;2;11;0;0;0;26411.7;0.0;;0.0;0;;11.11;2026-10-01T16:11:08+00:00;Santa Fé do Sul
3515509;panificacao;2026;produto;1;1;0;0;0;25720.0;0.0;;0.0;0;;11.11;2026-10-01T16:11:08+00:00;Fernandópolis
3547650;limpeza_higiene;2026;produto;1;2;0;0;0;24496.22;0.0;;0.0;0;;11.11;2026-10-01T16:11:08+00:00;Santa Salete
3514205;nao_classificado;2026;indefinido;1;8;0;0;0;23137.52;0.0;;0.0;0;;11.11;2026-10-01T16:11:08+00:00;Dolcinópolis
3535200;nao_classificado;2026;indefinido;1;6;0;0;0;22212.0;0.0;;0.0;0;;11.11;2026-10-01T16:11:08+00:00;Palmeira d'Oeste
3535200;racao_agropecuaria;2026;produto;1;2;0;0;0;20623.519999999997;0.0;;0.0;0;;11.11;2026-10-01T16:11:08+00:00;Palmeira d'Oeste
3549201;panificacao;2026;produto;1;4;0;0;0;19827.46;0.0;;0.0;0;;11.11;2026-10-01T16:11:08+00:00;São João das Duas Pontes
3515509;copa_cozinha;2026;produto;1;1;0;0;0;19507.5;0.0;;0.0;0;;11.11;2026-10-01T16:11:08+00:00;Fernandópolis
3535200;equipamento_medico;2026;produto;1;2;0;0;0;17055.29;0.0;;0.0;0;;11.11;2026-10-01T16:11:08+00:00;Palmeira d'Oeste
3534757;textil_uniforme;2026;produto;1;9;0;0;0;16890.0;0.0;;0.0;0;;11.11;2026-10-01T16:11:08+00:00;Ouroeste
3546603;servico_capacitacao_saude;2026;servico;1;1;0;0;0;15340.26;0.0;;0.0;0;;11.11;2026-10-01T16:11:08+00:00;Santa Fé do Sul
3546603;textil_uniforme;2026;produto;2;5;0;0;0;15033.14;0.0;;0.0;0;;11.11;2026-10-01T16:11:08+00:00;Santa Fé do Sul
3532868;madeira_construcao;2026;produto;1;2;0;0;0;13626.119999999999;0.0;;0.0;0;;11.11;2026-10-01T16:11:08+00:00;Nova Castilho
3547650;generos_alimenticios;2026;produto;1;2;0;0;0;13570.5;0.0;;0.0;0;;11.11;2026-10-01T16:11:08+00:00;Santa Salete
3549003;madeira_construcao;2026;produto;1;1;0;0;0;13564.8;0.0;;0.0;0;;11.11;2026-10-01T16:11:08+00:00;São Francisco
3529609;racao_agropecuaria;2026;produto;1;1;0;0;0;12960.0;0.0;;0.0;0;;11.11;2026-10-01T16:11:08+00:00;Meridiano
3547205;madeira_construcao;2026;produto;2;12;0;0;0;9402.08;0.0;;0.0;0;;11.11;2026-10-01T16:11:08+00:00;Santana da Ponte Pensa
3532868;rede_frio_imunizacao;2026;produto;1;1;0;0;0;8032.1667;0.0;;0.0;0;;11.11;2026-10-01T16:11:08+00:00;Nova Castilho
3555802;servico_assessoria_geral;2026;servico;1;1;0;0;0;7246.67;0.0;;0.0;0;;11.11;2026-10-01T16:11:08+00:00;Urânia
3534757;racao_agropecuaria;2026;produto;1;10;0;0;0;7047.1;0.0;;0.0;0;;11.11;2026-10-01T16:11:08+00:00;Ouroeste
3555802;copa_cozinha;2026;produto;1;1;0;0;0;5184.1;0.0;;0.0;0;;11.11;2026-10-01T16:11:08+00:00;Urânia
3515509;servico_capacitacao_saude;2026;servico;1;1;0;0;0;4414.8;0.0;;0.0;0;;11.11;2026-10-01T16:11:08+00:00;Fernandópolis
3515509;hortifruti;2026;produto;1;1;0;0;0;4390.0;0.0;;0.0;0;;11.11;2026-10-01T16:11:08+00:00;Fernandópolis
3545704;informatica;2026;produto;1;1;0;0;0;3635.96;0.0;;0.0;0;;11.11;2026-10-01T16:11:08+00:00;Santa Albertina
3555307;racao_agropecuaria;2026;produto;1;6;0;0;0;3324.2366;0.0;;0.0;0;;11.11;2026-10-01T16:11:08+00:00;Turmalina
3514205;panificacao;2026;produto;1;1;0;0;0;2877.28;0.0;;0.0;0;;11.11;2026-10-01T16:11:08+00:00;Dolcinópolis
3535200;material_medico_hospitalar;2026;produto;1;3;0;0;0;2802.64;0.0;;0.0;0;;11.11;2026-10-01T16:11:08+00:00;Palmeira d'Oeste
3514205;racao_agropecuaria;2026;produto;1;1;0;0;0;2733.33;0.0;;0.0;0;;11.11;2026-10-01T16:11:08+00:00;Dolcinópolis
3555307;panificacao;2026;produto;1;3;0;0;0;2164.0467;0.0;;0.0;0;;11.11;2026-10-01T16:11:08+00:00;Turmalina
3515509;rede_frio_imunizacao;2026;produto;1;1;0;0;0;2150.0;0.0;;0.0;0;;11.11;2026-10-01T16:11:08+00:00;Fernandópolis
3549003;racao_agropecuaria;2026;produto;1;10;0;0;0;1973.46;0.0;;0.0;0;;11.11;2026-10-01T16:11:08+00:00;São Francisco
3546603;panificacao;2026;produto;1;1;0;0;0;1757.93;0.0;;0.0;0;;11.11;2026-10-01T16:11:08+00:00;Santa Fé do Sul
3546603;material_medico_hospitalar;2026;produto;1;1;0;0;0;1243.46;0.0;;0.0;0;;11.11;2026-10-01T16:11:08+00:00;Santa Fé do Sul
3547205;hortifruti;2026;produto;1;1;0;0;0;1046.5;0.0;;0.0;0;;11.11;2026-10-01T16:11:08+00:00;Santana da Ponte Pensa
3547205;racao_agropecuaria;2026;produto;2;2;0;0;0;903.26;0.0;;0.0;0;;11.11;2026-10-01T16:11:08+00:00;Santana da Ponte Pensa
3547205;medicamentos;2026;produto;1;1;0;0;0;608.0;0.0;;0.0;0;;11.11;2026-10-01T16:11:08+00:00;Santana da Ponte Pensa
3547205;textil_uniforme;2026;produto;1;1;0;0;0;547.4;0.0;;0.0;0;;11.11;2026-10-01T16:11:08+00:00;Santana da Ponte Pensa
3547650;papelaria_expediente;2026;produto;1;1;0;0;0;231.8;0.0;;0.0;0;;11.11;2026-10-01T16:11:08+00:00;Santa Salete
3555307;generos_alimenticios;2026;produto;1;1;0;0;0;179.775;0.0;;0.0;0;;11.11;2026-10-01T16:11:08+00:00;Turmalina
