numero_controle_pncp;municipio;municipio_prioritario;numero_compra;modalidade_nome;presencial;objeto;valor_total_estimado;data_abertura_proposta;data_encerramento_proposta;orgao_de_saude;link_sistema_origem;orgao
46377800000127-1-003500/2026;Fernandópolis;0;47;Pregão - Eletrônico;0;Prestação de serviço de manutenção preventiva e corretiva de viaturas;54097.0;2026-09-02T08:00:00;2026-09-28T09:00:00;0;https://cnetmobile.estaleiro.serpro.gov.br/comprasnet-web/public/compras/acompanhamento-compra?compra=18014705000472026;SAO PAULO SECRETARIA DA SEGURANCA PUBLICA
47842836000105-1-000164/2026;Fernandópolis;0;48;Pregão - Eletrônico;0;ELABORAÇÃO DE ATA DE REGISTRO DE PREÇOS PARA A CONTRATAÇÃO DE EMPRESA ESPECIALIZADA NA PRESTAÇÃO DE SERVIÇOS PONTUAIS DE LOCAÇÃO DE BRINQUEDOS DIVERSOS E EQUIPAMENTOS RECREATIVOS/ESPORTIVOS COM MONITORIA, BEM COMO NO FORNECIMENTO E PREPARO DE ALIMENTOS DE CONSUMO IMEDIATO (PIPOCA SALGADA, ALGODÃO DOCE, CACHORRO-QUENTE E CHOCOLATE QUENTE) EM ESTAÇÕES DE ATENDIMENTO ÀS DEMANDAS DA SECRETARIA MUNICIPAL DE CULTURA E TURISMO E DEMAIS SECRETARIAS MUNICIPAIS DO MUNICÍPIO DE FERNANDÓPOLIS/SP, COM PREVISÃO DE CONSUMO NO DECORRER DE 12 (DOZE) MESES.;1428796.4;2026-09-11T08:00:00;2026-09-28T08:29:00;0;https://cnetmobile.estaleiro.serpro.gov.br/comprasnet-web/public/compras/acompanhamento-compra?compra=98641105000482026;MUNICIPIO DE FERNANDOPOLIS
45116290000171-1-000072/2026;Mira Estrela;0;29;Pregão - Eletrônico;0;ELABORAÇÃO DE ATA (S) DE REGISTRO DE PREÇOS PARA EVENTUAL E FUTURA AQUISIÇÃO DE MEDICAMENTOS (BÁSICOS, CONTROLADOS, INJETÁVEIS E DE USO CONTÍNUO) PARA SUPRIR AS NECESSIDADES DA FARMÁCIA MUNICIPAL E DA UNIDADE BÁSICA DE SAÚDE (UBS) DO MUNICÍPIO DE MIRA ESTRELA/SP;4575051.9;2026-09-17T08:00:00;2026-09-28T08:30:00;0;;MUNICIPIO DE MIRA ESTRELA
65712002000159-1-000030/2026;Aspásia;0;04;Dispensa;0;Contratação de empresa especializada para prestação de serviço de Fonoaudiologia na Unidade Básica de Saúde de Aspásia-SP.;25580.8;2026-09-22T08:00:00;2026-09-28T08:00:00;0;https://bllcompras.com/Process/ProcessView?param1=[gkz]T_UFnRlj2_9Zs47Y7X8i4Mu5/6/tl84gRC8Xr1Y781Of/9jnl9DGM8VFASjOnzB_o2Ot/N0l3iXAt2kwIn0/x90x3slJuOnR2rNOtnte2O8=;MUNICIPIO DE ASPASIA
01611213000112-1-000045/2026;Ouroeste;0;24;Pregão - Eletrônico;0; ELABORAÇÃO DE ATA DE REGISTRO DE PREÇOS PARA CONTRATAÇÃO (ÕES) DE EMPRESA (S) ESPECIALIZADA (S) NO FORNECIMENTO DE GÁS OXIGÊNIO MEDICINAL E NA LOCAÇÃO DE CONCENTRADORES DE OXIGÊNIO, PARA SECRETARIA MUNICIPAL DE SAÚDE DO MUNICÍPIO DE OUROESTE/SP, COM PREVISÃO DE USO NO DECORRER DE 12 (DOZE) MESES – CONFORME TERMO DE REFERÊNCIA;265299.9;2026-09-14T07:00:00;2026-09-29T08:30:00;0;http://pm.ouroeste.sp.gov.br:8079/comprasedital/;MUNICIPIO DE OUROESTE
01611211000123-1-000055/2026;Santa Salete;0;21;Dispensa;0;Contratação de empresa especializada para a execução de fechamento metálico no mini campo e manutenção das pinturas das estruturas metálicas existentes no complexo esportivo municipal de Santa Salete-SP, compreendendo o fornecimento de materiais, mão de obra, equipamentos, ferramentas e demais insumos necessários à completa execução dos serviços, em conformidade com as especificações técnicas, projetos, memorial descritivo, planilhas orçamentárias e demais documentos que integram o Termo de Referência;64896.18;2026-09-23T08:30:00;2026-09-29T08:30:00;0;;MUNICIPIO DE SANTA SALETE
45138070000149-1-000838/2026;Santa Fé do Sul;1;122;Pregão - Eletrônico;0;Visa-se a contratação de empresas para realização de diversas Oficinas para o CRAS, CREAS, Centro Dia, Casa da Juventude, Casa da Mulher Paulista e Projeto Renascer, de acordo com a demanda da Secretaria Municipal de Assistência Social, por tempo determinado, conforme condições, quantidades e exigências estabelecidas no Edital e seus anexos.;157572.77;2026-09-16T08:00:00;2026-09-30T08:00:00;0;https://cnetmobile.estaleiro.serpro.gov.br/comprasnet-web/public/compras/acompanhamento-compra?compra=98703305001222026;MUNICIPIO DE SANTA FE DO SUL
45138070000149-1-000853/2026;Santa Fé do Sul;1;123;Pregão - Eletrônico;0;Visa-se a aquisição de materiais permanentes, compreendendo mobiliários, equipamentos de processamento de dados e demais equipamentos destinados à estruturação e ao pleno funcionamento da nova Unidade Básica de Saúde (UBS), ESF Village Drº Flávio Guimarães, no Município de Santa Fé do Sul/SP, conforme condições e exigências estabelecidas no Edital e seus anexos.;185326.97;2026-09-18T08:00:00;2026-09-30T08:00:00;0;https://cnetmobile.estaleiro.serpro.gov.br/comprasnet-web/public/compras/acompanhamento-compra?compra=98703305001232026;MUNICIPIO DE SANTA FE DO SUL
65712002000159-1-000028/2026;Aspásia;0;17;Pregão - Eletrônico;0;Contratação de empresa especializada na prestação de serviços de implantação, treinamento, conversão e Locação Mensal de Sistemas de Gestão Pública Municipal para a Prefeitura Municipal de Aspásia-SP, pelo período de 12 (doze) meses.;195859.2;2026-09-15T09:00:00;2026-09-30T08:00:00;0;https://bllcompras.com/Process/ProcessView?param1=[gkz]tptmrSYJorV2bRV5zMpIMQwoAU7UvN9Ia0GS6VB36KX7Fe7IYF4SafcK8zj/8VSU5QzXS1NOAR3poDax_3z0zEpY4LEpOD5l1kqTJRGB1n4=;MUNICIPIO DE ASPASIA
45115391000128-1-000016/2026;Guarani d'Oeste;0;005;Pregão - Eletrônico;0;Aquisição de 01 (um) veículo automotor novo, zero quilômetro, tipo minivan, com capacidade mínima para 07 (sete) lugares destinado ao atendimento das demandas operacionais da Unidade Básica de Saúde (UBS) do Município de Guarani d’Oeste/SP.;161000.0;2026-09-17T08:00:00;2026-09-30T08:30:00;0;https://bllcompras.com/Process/ProcessView?param1=[gkz]90pbVVV7dWulrdJtbzMbpFCO9fRd9qV0apwMtj1VSbZKGtcjc1IsYK6kUD7AK/BSTAd5BydMcq/Fm/RYLQ7x1lmqV4RO2RYBJPE2kIOTxN8=;MUNICIPIO DE GUARANI D'OESTE
65711954000158-1-000015/2026;Nova Canaã Paulista;0;000000015;Pregão - Eletrônico;0;"Contratação de empresa para aquisição de equipamentos, materiais permanentes e de consumo, para a Secretaria Municipal de Educação.

";434872.76;2026-09-18T09:00:00;2026-09-30T08:00:00;0;https://bllcompras.com/Process/ProcessView?param1=[gkz]VROo7D/6Qd8gFbSmCXDOLD1JKv4Nc9qmGh3cIbXiNQVg1ciWMoS5xdmb2OXQBOzGRcsjysGwDFuuEumM/tKMfvays6MvGdYI4m0IKSuU5GY=;MUNICIPIO DE NOVA CANAA PAULISTA
01611213000112-1-000044/2026;Ouroeste;0;16;Pregão - Eletrônico;0;Contratação de empresa especializada em exames do PCMSO (Programa de Controle Médico de Saúde Ocupacional);300065.3;2026-09-14T07:00:00;2026-09-30T08:30:00;0;http://pm.ouroeste.sp.gov.br:8079/comprasedital/;MUNICIPIO DE OUROESTE
45138088000140-1-000006/2026;Santana da Ponte Pensa;0;010;Pregão - Eletrônico;0;REGISTRO DE PREÇOS PARA FUTURA E EVENTUAL AQUISIÇÃO DE MATERIAIS DE CONSTRUÇÃO, COM FORNECIMENTO PARCELADO E DIÁRIO, PARA ATENDER AS NECESSIDADES DA SECRETARIA MUNICIPAL DE OBRAS E SERVIÇOS PÚBLICOS, CONFORME ESPECIFICAÇÕES DO TERMO DE REFERÊNCIA;614663.62;2026-09-18T08:00:00;2026-09-30T08:00:00;0;https://bllcompras.com/Process/ProcessView?param1=[gkz]H/tegOZr6AVZa9JbGZBWyOa3KwKnTRb2q_NbzFk3/Fl/1NbGC1n6MEGDgn7HKM8fNPBvxFMU5sCvNv5CBcR1ozUIYiuzUApan8JFWNwmi7A=;MUNICIPIO DE SANTANA DA PONTE PENSA
46611117000102-1-000037/2026;Urânia;0;025;Pregão - Eletrônico;0;CONTRATAÇÃO DE EMPRESA ESPECIALIZADA PARA AQUISIÇÃO DE EQUIPAMENTOS EMENDA PARLAMENTAR FEDERAL DE PROPOSTA Nº 116.53021/2024, REMANESCENTE DO PROCESSO Nº 013/2026, JUNTO A SECRETARIA DE SAÚDE DO MUNICÍPIO DE URÂNIA/SP;178941.0;2026-09-18T09:00:00;2026-09-30T08:00:00;0;https://bllcompras.com/Process/ProcessView?param1=[gkz]RnCDPVctct8Bcy2F0MC9Us65WuGDjw03SsUDOaannrBIYvjkbKZZwHySnB6TxzBtf_lFuocyn98Rm5NxjZ_17vF06pZ9i_HQRIFk_UFbIt0=;MUNICIPIO DE URANIA
47842836000105-1-000167/2026;Fernandópolis;0;51;Pregão - Eletrônico;0;“CONTRATAÇÃO DE EMPRESA ESPECIALIZADA E REGULARMENTE AUTORIZADA PARA A PRESTAÇÃO CONTÍNUA DE SERVIÇOS DE VIGILÂNCIA PATRIMONIAL DESARMADA, COM DEDICAÇÃO EXCLUSIVA DE MÃO DE OBRA, DESTINADOS À UNIDADE DE PRONTO ATENDIMENTO - UPA 24 HORAS DE FERNANDÓPOLIS/SP, PELO PERÍODO INICIAL DE 12 MESES, ABRANGENDO DOIS POSTOS FÍSICOS SIMULTÂNEOS NO PERÍODO DIURNO, DAS 07H ÀS 19H, E DOIS POSTOS FÍSICOS SIMULTÂNEOS NO PERÍODO NOTURNO, DAS 19H ÀS 07H, EM ESCALA 12X36, DURANTE TODOS OS DIAS DA SEMANA, INCLUSIVE SÁBADOS, DOMINGOS, FERIADOS E PONTOS FACULTATIVOS, NO MUNICÍPIO DE FERNANDÓPOLIS/SP”;1252220.0;2026-09-16T08:00:00;2026-10-01T08:29:00;0;https://cnetmobile.estaleiro.serpro.gov.br/comprasnet-web/public/compras/acompanhamento-compra?compra=98641105000512026;MUNICIPIO DE FERNANDOPOLIS
45116092000108-1-000120/2026;Meridiano;0;23;Pregão - Eletrônico;0;AQUISIÇÃO DE UNIFORMES ESCOLARES DESTINADOS AOS ALUNOS MATRICULADOS NA REDE MUNICIPAL DE ENSINO DE MERIDIANO/SP, COMPREENDENDO O FORNECIMENTO DE PEÇAS DE VESTUÁRIO CONFECCIONADAS DE ACORDO COM AS ESPECIFICAÇÕES TÉCNICAS ESTABELECIDAS PELA SECRETARIA MUNICIPAL DE EDUCAÇÃO, INCLUINDO UNIFORME DE VERÃO E ITEM DE UNIFORME DE INVERNO, DEVIDAMENTE PERSONALIZADOS COM IDENTIFICAÇÃO VISUAL DO MUNICÍPIO E DA SECRETARIA MUNICIPAL DE EDUCAÇÃO.;280186.0;2026-09-17T08:00:00;2026-10-01T07:59:00;0;https://meridiano.sp.gov.br/licitacao/;MUNICIPIO DE MERIDIANO
01611213000112-1-000048/2026;Ouroeste;0;15;Pregão - Eletrônico;0;“CONTRATAÇÃO DE EMPRESA ESPECIALIZADA PARA PRESTAÇÃO DE SERVIÇOS DE SST (SAÚDE E SEGURANÇA DO TRABALHO) PARA PREFEITURA DO MUNICIPIO DE OUROESTE/SP E DISTRITO DE ARABÁ”.;60000.0;2026-09-15T07:00:00;2026-10-01T08:29:00;0;http://pm.ouroeste.sp.gov.br:8079/comprasedital/;MUNICIPIO DE OUROESTE
01611210000189-1-000040/2026;Vitória Brasil;0;020;Pregão - Eletrônico;0;Contratação de empresa especializadas para a prestação contínua de serviços de lavagem e engraxamento dos veículos, máquinas e equipamentos que compõem a frota da Prefeitura do Município de Vitória Brasil/SP, com fornecimento de materiais, produtos, equipamentos, mão de obra e demais insumos necessários;365569.0;2026-09-17T07:00:00;2026-10-01T07:00:00;0;https://bllcompras.com/Process/ProcessView?param1=[gkz]sCaz2wWooeFIP2i5Iz0nXh3hzu41DEDY3pxuGEQQgb6PTZU8BwPXh1bVotybenI8WDWErU3KbsVTcF8e7KeZ6af3VxcbmIu0Ym3Ng4_7RIM=;MUNICIPIO DE VITORIA BRASIL
46377800000127-1-003914/2026;Fernandópolis;0;50;Pregão - Eletrônico;0;prestação de serviço de manutenção corretiva e preventiva de aparelho de ar condicionado;122500.0;2026-09-16T09:00:00;2026-10-02T09:00:00;0;https://cnetmobile.estaleiro.serpro.gov.br/comprasnet-web/public/compras/acompanhamento-compra?compra=18014705000502026;SAO PAULO SECRETARIA DA SEGURANCA PUBLICA
46603395000118-1-000048/2026;São Francisco;0;28;Pregão - Presencial;1;Contratação de empresa especializada para a prestação de serviços contínuos de Psicologia Escolar e Educacional, mediante disponibilização de 01 (um) profissional com formação superior em Psicologia, devidamente inscrito e em situação regular perante o Conselho Regional de Psicologia – CRP, para atuação junto à Escola Municipal de Educação Infantil e Ensino Fundamental – EMEIF, no desenvolvimento de ações de natureza estritamente institucional, coletiva, preventiva e educacional, em conformidade com a Lei Federal nº 13.935/2019, com carga horária de 20 (vinte) horas semanais, pelo período de 12 (doze) meses, conforme condições, especificações e demais requisitos estabelecidos no Termo de Referência.;32684.04;2026-09-16T08:00:00;2026-10-05T08:45:00;0;https://saofrancisco.sp.gov.br/licitacao/;MUNICIPIO DE SAO FRANCISCO
44988147000107-1-000002/2026;Três Fronteiras;0;001;Pregão - Eletrônico;0;Registro de Preços na Forma de Licitação Compartilhada para Contratação de Empresa Especializada em Ozonização Ambiental e Veicular, visando a desinfecção de espaços púbicos e ambientes, com o intuito de prevenção contra doenças infectocontagiosas, pandemias e demais surtos de doenças, com fornecimento de equipamentos, mão de obra e utilização de produtos sanitizantes da mais alta qualidade e aprovados pelos órgãos reguladores, para os Entes da Federação Consorciados, Cooperados ou Referendados.;1884127.04;2026-09-21T08:00:00;2026-10-05T08:00:00;0;https://bllcompras.com/Process/ProcessView?param1=[gkz]kMKp9hRhC0K5twSCN2XIzQ3Keu1w_lTTrC8DLDDaCK74xk1ho8AdABPtXoPRbNs9Mgp0Qcd32BmayOYpW3NiEvtLcYPSPOgFkhe5inT7TXE=;CONSORCIO INTERMUNICIPAL RIO GRANDE E PARANA - CONGRAPAR
45116092000108-1-000124/2026;Meridiano;0;26;Pregão - Eletrônico;0;AQUISIÇÃO DE MATERIAIS PERMANENTES E EQUIPAMENTOS DESTINADOS AO ATENDIMENTO DAS NECESSIDADES DA COORDENADORIA MUNICIPAL DE SAÚDE E DAS UNIDADES E SERVIÇOS MUNICIPAIS DE SAÚDE DE MERIDIANO/SP;668007.34;2026-09-23T08:00:00;2026-10-05T07:59:00;0;https://meridiano.sp.gov.br/licitacao/;MUNICIPIO DE MERIDIANO
65711954000158-1-000016/2026;Nova Canaã Paulista;0;000000017;Pregão - Eletrônico;0;escolha da proposta mais vantajosa para o Registro De Preços para futuras aquisições de material de limpeza e produtos de higienização para atender as necessidades da Prefeitura Municipal de Nova Canaã Paulista/SP conforme condições, quantidades e exigências estabelecidas neste Edital e seus anexos;825883.08;2026-09-18T09:00:00;2026-10-06T08:00:00;0;https://bllcompras.com/Process/ProcessView?param1=[gkz]Jh059qVv/0vqp0XIS5k/7_/nwoi8pyIq75lodIJmv0_NzoLS_uF7Yu8ShbcCOZet72JUy_b0JFolCyr0bd5LC9qLqCkXGJQw13P7y_Tmtdw=;MUNICIPIO DE NOVA CANAA PAULISTA
46603395000118-1-000051/2026;São Francisco;0;30;Pregão - Presencial;1;Contratação de empresa(s) especializada(s) para a prestação de serviços contínuos de transporte escolar, mediante a disponibilização de 01 (um) Motorista de Transporte Escolar e 01 (um) Monitor de Transporte Escolar, devidamente qualificados e habilitados para o exercício das respectivas funções, com carga horária de 40 (quarenta) horas semanais cada, pelo período de 12 (doze) meses, observadas as necessidades da Administração e o calendário escolar, visando atender às demandas da Secretaria Municipal de Educação de São Francisco/SP, conforme condições, especificações e demais exigências estabelecidas no Termo de Referência.;50400.0;2026-09-21T08:00:00;2026-10-06T08:45:00;0;https://saofrancisco.sp.gov.br/licitacao/;MUNICIPIO DE SAO FRANCISCO
45116092000108-1-000125/2026;Meridiano;0;25;Pregão - Eletrônico;0;REGISTRO DE PREÇOS PARA FUTURA E EVENTUAL AQUISIÇÃO PARCELADA DE PNEUS NOVOS, DE PRIMEIRO USO, CÂMARAS DE AR E PROTETORES, CORRESPONDENTES AOS ITENS QUE RESTARAM FRACASSADOS NO PREGÃO ELETRÔNICO Nº 024/2026, DESTINADOS À MANUTENÇÃO PREVENTIVA E CORRETIVA DA FROTA DE VEÍCULOS, CAMINHÕES, MÁQUINAS, TRATORES E IMPLEMENTOS DO MUNICÍPIO DE MERIDIANO/SP, CONFORME ESPECIFICAÇÕES, QUANTIDADES ESTIMADAS E DEMAIS CONDIÇÕES ESTABELECIDAS NO TERMO DE REFERÊNCIA;991067.76;2026-09-24T08:00:00;2026-10-06T07:59:00;0;https://meridiano.sp.gov.br/licitacao/;MUNICIPIO DE MERIDIANO
65711954000158-1-000017/2026;Nova Canaã Paulista;0;000000018;Pregão - Eletrônico;0;1.1.	Constitui objeto da presente licitação, Contratação de empresa para a aquisição de implementos agrícolas, para atendimento à emenda impositiva, conforme especificações contidas no Termo de Referência;127715.75;2026-09-23T09:00:00;2026-10-06T12:00:00;0;https://bllcompras.com/Process/ProcessView?param1=[gkz]8spZ9r6Ts0VuAU7fE3lSy/xQWZCYd_i6HJCzan9LHp2WzyWsfj/TAzuXmpRI0b/Mv29qp3UFLGRlPC5vdxijNPchsGBlWimoA0tVi8NqZzU=;MUNICIPIO DE NOVA CANAA PAULISTA
45135530000185-1-000046/2026;Santa Albertina;0;14;Pregão - Eletrônico;0;Aquisição de móveis, equipamentos eletrônicos e de informática, brinquedos infantis para a Creche Fernando Cesar Fiorilli;44916.15;2026-09-23T08:00:00;2026-10-06T08:30:00;0;;MUNICIPIO DE SANTA ALBERTINA
01611213000112-1-000049/2026;Ouroeste;0;28;Pregão - Eletrônico;0;ELABORAÇÃO DE ATA DE REGISTRO DE PREÇO PARA AQUISIÇÃO FUTURA E EVENTUAL DE EQUIPAMENTOS DE PROTEÇÃO INDIVIDUAL (EPI), PARA USO NO DECORRER DE 12 (DOZE) MESES;268188.68;2026-09-23T07:00:00;2026-10-07T08:30:00;0;http://pm.ouroeste.sp.gov.br:8079/comprasedital/;MUNICIPIO DE OUROESTE
01611211000123-1-000054/2026;Santa Salete;0;24;Pregão - Eletrônico;0;Contratação de empresa especializada para prestação de serviços de dedetização, desinsetização, desratização e higienização e limpeza de caixas d’água em prédios públicos e rede de esgoto do município de Santa Salete-SP;53960.1;2026-09-22T08:30:00;2026-10-07T08:30:00;0;;MUNICIPIO DE SANTA SALETE
01611211000123-1-000057/2026;Santa Salete;0;26;Pregão - Eletrônico;0;AQUISIÇÃO DE 04 (QUATRO) VEÍCULOS AUTOMOTORES ZERO QUILÔMETRO, ANO/MODELO 2026 OU SUPERIOR, SENDO 01 (UM) VEÍCULO DE SETE LUGARES E 01 (UM) VEICULO DE CINCO LUGARES NA SECRETÁRIA DE ASSISTENCIA SOCIAL 01 (UM) VEICULO DE CINCO LUGARES NA SECRETÁRIA DE EDUCAÇÃO E 01 (UM) VEICULO DE SETE LUGARES NA SECRETÁRIA DA SAUDE, CONFORME EMENDA N°2026.093.87123, EMENDA N°2026.01981825 e CONVÊNIO Nº 1640/2026, INDICADO PELA EMENDA PARLAMENTAR INDIVIDUAL Nº 2025.280.77105, DESTINADOS A ATENDER ÀS NECESSIDADES DAS SECRETARIAS MUNICIPAIS DE SAÚDE, SOCIAL E DE EDUCAÇÃO  DO MUNICÍPIO DE SANTA SALETE/SP, CONFORME ESPECIFICAÇÕES TÉCNICAS DETALHADAS NO TERMO DE REFERÊNCIA E DEMAIS CONDIÇÕES ESTABELECIDAS NO EDITAL;609636.22;2026-09-24T08:30:00;2026-10-07T13:30:00;0;;MUNICIPIO DE SANTA SALETE
45138088000140-1-000007/2026;Santana da Ponte Pensa;0;013;Pregão - Eletrônico;0;"REGISTRO DE PREÇOS PARA FUTURA AQUISIÇÃO DE GÊNEROS ALIMENTÍCIOS
PERECÍVEIS E NÃO PERECÍVEIS, COM FORNECIMENTO PARCELADO E DIÁRIO, PARA
ATENDER AS NECESSIDADES DA ADMINISTRAÇÃO PUBLICA E SUAS SECRETARIAS MUNICIPAIS, CONFORME ESPECIFICAÇÕES DO TERMO DE REFERÊNCIA.";739199.04;2026-09-21T08:00:00;2026-10-07T07:59:00;0;https://bllcompras.com/Process/ProcessView?param1=[gkz]DItPeulUhwOAxEtb5RRBzvCrE3csjOK9Zl_opT11LeszHpg8FaOt5/SSpMisJnw5ZKmZ1WzC8ConrTcoDRu6ECqOOiFLQRXzohUJndBW8EU=;MUNICIPIO DE SANTANA DA PONTE PENSA
46603395000118-1-000050/2026;São Francisco;0;29;Pregão - Eletrônico;0;Registro de preço para aquisição futura e eventual de materiais de expediente e de escritório, pelo período de 12 (doze) meses, destinados ao atendimento das necessidades dos diversos setores da Administração Pública Municipal de São Francisco/SP, conforme especificações e quantidades estabelecidas no Termo de Referência.;164801.97;2026-09-22T08:00:00;2026-10-08T08:45:00;0;https://bllcompras.com/Process/ProcessView?param1=[gkz]VQoM5bv68bgoQ0hFwlEK4JXzeNKzis_/OUU5NepWm9Y2C5mm9u1m_s3IN1IMKmmnsPB50YT40YQX8PMgLGk2mguoZrL_KSZGAzP1dNLc10s=;MUNICIPIO DE SAO FRANCISCO
46611117000102-1-000038/2026;Urânia;0;020;Pregão - Eletrônico;0;CONTRATAÇÃO DE EMPRESA ESPECIALIZADA PARA A PRESTAÇÃO DE SERVIÇOS DE SAÚDE, COMPREENDENDO ATENDIMENTO MÉDICO ASSISTENCIAL NAS ESPECIALIDADES DE CLÍNICA MÉDICA (MÉDICO GENERALISTA) E GINECOLOGIA, BEM COMO SERVIÇOS TÉCNICOS DE TÉCNICO EM RADIOLOGIA/RADIOGRAFIA, PARA ATENDER ÀS NECESSIDADES DA SECRETARIA DA SAÚDE, CONFORME ESPECIFICAÇÕES, QUANTITATIVOS E CONDIÇÕES CONSTANTES NO TERMO DE REFERÊNCIA (TR).;460854.0;2026-09-23T08:00:00;2026-10-08T08:00:00;0;https://bllcompras.com/Process/ProcessView?param1=[gkz]gbMq_uJcqG5D3vpaCi2mofDKx10CYKB9MYSneduqFA7Djb921NYAQXSRGBbXFc5v2fHs6PmZTLlzjTZBpKR_AsKWQBRnXZkCyIAanFKvv70=;MUNICIPIO DE URANIA
47842836000105-1-000171/2026;Fernandópolis;0;55;Pregão - Eletrônico;0;“ELABORAÇÃO DE ATA DE REGISTRO DE PREÇOS PARA FUTURA E EVENTUAL CONTRATAÇÃO DE EMPRESA ESPECIALIZADA NA CONFECÇÃO E NO FORNECIMENTO DE UNIFORMES FUNCIONAIS E ACESSÓRIOS DE IDENTIFICAÇÃO INSTITUCIONAL, DESTINADOS AO ATENDIMENTO DAS NECESSIDADES DAS SECRETARIAS MUNICIPAIS DE SAÚDE, ASSISTÊNCIA SOCIAL E CIDADANIA, TRÂNSITO E TRANSPORTE E PROCON, DO MUNICÍPIO DE FERNANDÓPOLIS/SP, COM PREVISÃO DE CONSUMO PARCELADAMENTE NO DECORRER DE 12 (DOZE) MESES”.;614425.55;2026-09-25T08:01:00;2026-10-08T08:29:00;0;https://cnetmobile.estaleiro.serpro.gov.br/comprasnet-web/public/compras/acompanhamento-compra?compra=98641105000552026;MUNICIPIO DE FERNANDOPOLIS
45116712000109-1-000054/2026;São João das Duas Pontes;0;24;Pregão - Eletrônico;0;ELABORAÇÃO DE ATA DE REGISTRO DE PREÇOS PARA FUTURA E EVENTUAL AQUISIÇÃO DE PNEUS, CÂMARAS DE AR E PROTETORES DE CÂMARA DE AR, DESTINADOS À MANUTENÇÃO E À CONTINUIDADE OPERACIONAL DA FROTA DO MUNICÍPIO DE SÃO JOÃO DAS DUAS PONTES;656809.2;2026-09-28T08:00:00;2026-10-08T08:59:00;0;;MUNICIPIO DE SAO JOAO DAS DUAS PONTES
46377800000127-1-004098/2026;Fernandópolis;0;51;Pregão - Eletrônico;0;Registro de preços para contratação(ões) futura(s) de serviços unitários de manutenção predial para Delsecpol de Fernandópolis e unidades subordinadas.;642228.18;2026-09-24T09:00:00;2026-10-09T09:00:00;0;https://cnetmobile.estaleiro.serpro.gov.br/comprasnet-web/public/compras/acompanhamento-compra?compra=18014705000512026;SAO PAULO SECRETARIA DA SEGURANCA PUBLICA
47842836000105-1-000172/2026;Fernandópolis;0;56;Pregão - Eletrônico;0;AQUISIÇÃO DE TENDAS PERSONALIZADAS DESTINADAS ÀS UNIDADES DE PROTEÇÃO SOCIAL BÁSICA, DE PROTEÇÃO SOCIAL ESPECIAL E À CENTRAL DE CADASTRO ÚNICO, TODAS VINCULADAS À SECRETARIA MUNICIPAL DE ASSISTÊNCIA SOCIAL E CIDADANIA DE FERNANDÓPOLIS/SP;43690.16;2026-09-25T08:00:00;2026-10-09T08:29:00;0;https://cnetmobile.estaleiro.serpro.gov.br/comprasnet-web/public/compras/acompanhamento-compra?compra=98641105000562026;MUNICIPIO DE FERNANDOPOLIS
46611117000102-1-000039/2026;Urânia;0;028;Pregão - Eletrônico;0;Contratação de empresa especializada na prestação de serviços técnicos de planejamento, organização, elaboração, aplicação e correção de provas objetivas, discursivas e práticas, bem como o processamento de resultados e o julgamento de recursos administrativos, visando à realização de Concurso Público para o provimento de cargos efetivos do quadro de pessoal da Prefeitura Municipal de Urânia/SP.;7246.67;2026-09-24T08:00:00;2026-10-09T08:00:00;0;https://bllcompras.com/Process/ProcessView?param1=[gkz]t223vU_/YLAqtxRuMvbdUbQg5XP3jLO205k_vRM4rU7eAQJovr4zLfxiqmN/UXLk9sCy6xyuMhqcEj2h_nCnlkD2z5xzgXisJ1ysgJZuNUE=;MUNICIPIO DE URANIA
45112224000123-1-000007/2026;Estrela d'Oeste;0;26;Pregão - Eletrônico;0;Seleção de fornecedores para sistema de registro de preços (SRP), visando aquisições futuras e parceladas de materiais de construção (itens básicos, arames, pintura, tintas de demarcação, materiais elétricos e hidráulicos, cones de sinalização, ferro, areia, pedra e concreto) que serão utilizados em reparos e manutenções de prédios públicos na cidade de Estrela d’Oeste;593757.5;2026-08-11T07:00:00;2026-10-13T07:30:00;0;https://bllcompras.com/Process/ProcessView?param1=[gkz]IW/lx7EtIMxLDkmHAlGmg/_fKTlYuHo7jYOptYFGZ2GOHBH12nAXNWypWq1eo0164CrkkF0HqCAlpflhRtQ7LeUot46rCu_rSncGTs/_LiY=;MUNICIPIO DE ESTRELA D'OESTE
46611117000102-1-000041/2026;Urânia;0;026;Pregão - Eletrônico;0;Contratação de empresas para o fornecimento de materiais de limpeza, higiene e descartáveis para manutenção dos setores pertencentes a Prefeitura Municipal de Urânia, conforme solicitação, devendo ser observadas as especificações contidas no Edital e anexos.;2845098.88;2026-09-28T08:00:00;2026-10-13T08:00:00;0;https://bllcompras.com/Process/ProcessView?param1=[gkz]zMkB/BJqGGOIsMQV7XtjDs4UHB2VTfxKN9QwK38tdGGBUoqTlxIygNaayTEFC522in3/BJg1JaOYn7SvxYE3ntxJir1AAz7oYCyJgulqE6s=;MUNICIPIO DE URANIA
01611210000189-1-000041/2026;Vitória Brasil;0;021;Pregão - Eletrônico;0;"Contratação de empresa especializada para
prestação continuada de serviços de Cuidador Infantil e Apoio Escolar mediante
disponibilização de até 12 (doze) profissionais para atuação na EMEI Neide Aparecida de
Carvalho e na E.M. Pedro Strabelli, integrantes da Rede Municipal de Ensino de Vitória
Brasil/SP ";563760.0;2026-09-28T07:00:00;2026-10-13T07:00:00;0;https://bllcompras.com/Process/ProcessView?param1=[gkz]YFH1R50zsNHrFC9V9ZX6/tVf/2DEg6jGcNS/tF_4APxfXUXwCAN890B65WRMz64tCc9GiAA0OAGzioD/lS_T1QW5WeQRdc6wsh7EOuFzA1E=;MUNICIPIO DE VITORIA BRASIL
45116712000109-1-000056/2026;São João das Duas Pontes;0;24;Pregão - Eletrônico;0;ELABORAÇÃO DE ATA DE REGISTRO DE PREÇOS PARA FUTURA E EVENTUAL AQUISIÇÃO DE PNEUS, CÂMARAS DE AR E PROTETORES DE CÂMARA DE AR, DESTINADOS À MANUTENÇÃO E À CONTINUIDADE OPERACIONAL DA FROTA DO MUNICÍPIO DE SÃO JOÃO DAS DUAS PONTES;656809.2;2026-09-29T08:00:00;2026-10-13T08:59:00;0;;MUNICIPIO DE SAO JOAO DAS DUAS PONTES
45131885000104-1-000139/2025;Jales;1;02;Credenciamento;0;Visa- se o Chamamento Público que tem por objeto o credenciamento de pessoas jurídicas para a prestação de serviços de Fonoaudiólogo, Tradutor e Interpretes de Libras e Médicos: Clínico Geral, Ginecologista, Pediatra, Infectologista, Auditor/Regulador, Diretor Técnico e Psiquiatra, com entrega parcelada, por tempo determinado, conforme Termo de Referência – Anexo I.;5354131.2;2025-10-15T08:00:00;2026-10-14T08:00:00;0;https://bllcompras.com/Process/ProcessView?param1=[gkz]lvbKyYvKIZiklLxiAv8yLXpH61nfdQ27zWjL4LgDP9TI_EL2tTI7HuwRFC9TLbbPEkTpieh_v08t375hW7Ho0/56cHYOdyQiOLOgx/mkV0g=;MUNICIPIO DE JALES
47842836000105-1-000131/2025;Fernandópolis;0;197;Credenciamento;0;"CONTRATAÇÃO DE EMPRESA ESPECIALIZADA, POR MEIO DE CREDENCIAMENTO, PARA PRESTAÇÃO DE SERVIÇOS DE ASSISTÊNCIA À SAÚDE SUPLEMENTAR NA MODALIDADE DE PLANO DE SAÚDE COLETIVO EMPRESARIAL OU COLETIVO
POR ADESÃO, COM SEGMENTAÇÃO AMBULATORIAL E HOSPITALAR COM OBSTETRÍCIA, PARA OS
SERVIDORES PÚBLICOS MUNICIPAIS DE FERNANDÓPOLIS, TANTO ATIVOS DA PREFEITURA QUANTO
INATIVOS DO IPREM, E SEUS RESPECTIVOS DEPENDENTES, VISANDO GARANTIR A CONTINUIDADE DO
SERVIÇO E A LIBERDADE DE ESCOLHA DOS BENEFICIÁRIOS";2436910.8;2025-10-15T08:30:00;2026-10-14T17:00:00;0;;MUNICIPIO DE FERNANDOPOLIS
45131885000104-1-000450/2026;Jales;1;1;Concorrência - Presencial;1;Contratação de serviços de publicidade prestados por intermédio de agência de propaganda, abrangendo o conjunto de atividades realizadas de forma integrada, para atendimento às necessidades de comunicação da Prefeitura Municipal de Jales - SP, por tempo determinado, conforme condições estabelecidas no Termo de Referência – Anexo I e Briefing – Anexo II.;780000.0;2026-09-04T08:30:00;2026-10-29T09:30:00;0;;MUNICIPIO DE JALES
47527288000110-1-000004/2026;Santa Fé do Sul;1;1;Concorrência - Presencial;1;objetiva empreitada global, do tipo técnica e preço, para a contratação de agência de publicidade para prestação de serviços de consultoria, planejamento, comunicação social, publicidade, propaganda e marketing, visando atender às necessidades da instituição, no regime de empreitada global, de acordo com o que determina a Lei Federal nº. 12.232/10, Lei Federal nº. 8.666/93, a Lei Federal nº. 4.680/65, e as Normas Padrão da Atividade Publicitária, sob orientação do CENP, em seu texto vigente na presente data e as cláusulas do Edital;1100000.0;2026-09-28T08:00:00;2026-11-12T09:00:00;0;http://transparencia.funecsantafe.edu.br/comprasedital;FUNDACAO MUNICIPAL DE EDUCACAO E CULTURA - FUNEC
